/gate.html     /gate        301
/login.html    /login       301
/panel.html    /panel       301
/admin.html    /admin       301
/account.html  /account     301
/kiosk.html    /kiosk       301
/docs.html     /docs        301
/api.html      /api         301
